#{"t_start": 1649541608.595847, "env_id": "SuperMarioBros-v0"}
r,l,t
1206,14109,195.796311
742,16183,419.325591
727,375,424.499162
727,375,426.359163
727,375,428.335192
727,375,430.436841
727,375,432.768546
